N,nu_c,slope
100,1.0735938028076901,3.7177626646968696
300,1.340026199751898,3.2362612843618406
1000,1.613780077294203,2.9506873990308966
